"stage","D","u","F","r"
"one_leaf",0.108556074989016,0.797,0,0
"multileaf_nonfl",0.479053501848497,1,0,0
"multileaf_flower",0.412390423162487,1,0.2398,0.0988912234743643
