"pop","L","Ny_over_N_obs","Ne_over_N_obs","Ny_over_N_exp","Ne_over_N_exp"
"Miz",13.399,2.9318670597069,0.218812378513837,2.97643398569593,0.222138516732288
