"stage","D","u","F","r"
"one_leaf",0.165114372161525,0.755,0,0
"multileaf_nonfl",0.550463708504868,1,0,0
"multileaf_flower",0.284421919333607,1,0.5016,0.142666034737737
