"pop","L","Ny_over_N_obs","Ne_over_N_obs","Ny_over_N_exp","Ne_over_N_exp"
"Nan",8.353,2.42767913510532,0.290635596205593,2.44554848730904,0.292774869784394
