"stage","w","v"
"one_leaf",0.922127168773042,0.394257688919421
"multileaf_nonfl",0.0454751601011565,7.59291091907315
"multileaf_flower",0.032397671125801,8.98692479284997
