"stage","w","v"
"one_leaf",0.960502096111497,0.553190968840625
"multileaf_nonfl",0.0278281848992967,11.373617377589
"multileaf_flower",0.0116697189892065,13.0381706416373
