"stage","w","v"
"one_leaf",0.528535145565235,0.11393247581898
"multileaf_nonfl",0.311896253486078,1.9944289915735
"multileaf_flower",0.159568600948687,1.99116712250168
