"stage","w","v"
"one_leaf",0.416171079641852,0.100108168702004
"multileaf_nonfl",0.315314440245474,1.56141989659059
"multileaf_flower",0.268514480112674,1.73547301610388
